avg_waiting_time,completion_time,duplicate_conflicts,policy,scenario,seed,victims_rescued,victims_total
59.0,115,6,no_coordination,high_overlap,11,6,6
34.5,60,0,mas,high_overlap,11,6,6
63.166666666666664,96,4,no_coordination,high_overlap,17,6,6
47.0,87,0,mas,high_overlap,17,6,6
69.0,141,4,no_coordination,moderate_overlap,2,6,6
50.333333333333336,88,0,mas,moderate_overlap,2,6,6
56.0,115,4,no_coordination,moderate_overlap,5,6,6
43.666666666666664,76,0,mas,moderate_overlap,5,6,6
74.1,157,6,no_coordination,more_victims_than_agents,1,10,10
55.9,118,0,mas,more_victims_than_agents,1,10,10
73.6,155,4,no_coordination,more_victims_than_agents,2,10,10
65.6,132,0,mas,more_victims_than_agents,2,10,10
83.33333333333333,135,0,no_coordination,low_conflict,25,6,6
83.33333333333333,135,0,mas,low_conflict,25,6,6
97.66666666666667,173,0,no_coordination,low_conflict,30,6,6
97.66666666666667,173,0,mas,low_conflict,30,6,6
61.333333333333336,105,6,no_coordination,blocked_route,1,6,6
43.666666666666664,71,0,mas,blocked_route,1,6,6
63.166666666666664,102,5,no_coordination,blocked_route,9,6,6
47.0,83,0,mas,blocked_route,9,6,6
