avg_waiting_time_max,avg_waiting_time_mean,avg_waiting_time_median,avg_waiting_time_min,avg_waiting_time_stdev,completion_time_max,completion_time_mean,completion_time_median,completion_time_min,completion_time_stdev,duplicate_conflicts_max,duplicate_conflicts_mean,duplicate_conflicts_median,duplicate_conflicts_min,duplicate_conflicts_stdev,n_runs,policy,scenario,victims_rescued_max,victims_rescued_mean,victims_rescued_median,victims_rescued_min,victims_rescued_stdev
63.166666666666664,61.08333333333333,61.08333333333333,59.0,2.083333333333332,115,105.5,105.5,96,9.5,6,5.0,5.0,4,1.0,2,no_coordination,high_overlap,6,6.0,6.0,6,0.0
47.0,40.75,40.75,34.5,6.25,87,73.5,73.5,60,13.5,0,0.0,0.0,0,0.0,2,mas,high_overlap,6,6.0,6.0,6,0.0
69.0,62.5,62.5,56.0,6.5,141,128.0,128.0,115,13.0,4,4.0,4.0,4,0.0,2,no_coordination,moderate_overlap,6,6.0,6.0,6,0.0
50.333333333333336,47.0,47.0,43.666666666666664,3.3333333333333357,88,82.0,82.0,76,6.0,0,0.0,0.0,0,0.0,2,mas,moderate_overlap,6,6.0,6.0,6,0.0
74.1,73.85,73.85,73.6,0.25,157,156.0,156.0,155,1.0,6,5.0,5.0,4,1.0,2,no_coordination,more_victims_than_agents,10,10.0,10.0,10,0.0
65.6,60.75,60.75,55.9,4.849999999999998,132,125.0,125.0,118,7.0,0,0.0,0.0,0,0.0,2,mas,more_victims_than_agents,10,10.0,10.0,10,0.0
97.66666666666667,90.5,90.5,83.33333333333333,7.166666666666671,173,154.0,154.0,135,19.0,0,0.0,0.0,0,0.0,2,no_coordination,low_conflict,6,6.0,6.0,6,0.0
97.66666666666667,90.5,90.5,83.33333333333333,7.166666666666671,173,154.0,154.0,135,19.0,0,0.0,0.0,0,0.0,2,mas,low_conflict,6,6.0,6.0,6,0.0
63.166666666666664,62.25,62.25,61.333333333333336,0.9166666666666643,105,103.5,103.5,102,1.5,6,5.5,5.5,5,0.5,2,no_coordination,blocked_route,6,6.0,6.0,6,0.0
47.0,45.33333333333333,45.33333333333333,43.666666666666664,1.6666666666666679,83,77.0,77.0,71,6.0,0,0.0,0.0,0,0.0,2,mas,blocked_route,6,6.0,6.0,6,0.0
